image_s,text_s
235131.45,3350.0647
1954.9113,705.90027
1652.5332,308.17032
1437.9016,256.15692
1264.2747,228.02522
1165.7006,190.60278
1123.8923,177.45743
1062.4406,156.22572
1003.0456,142.19131
931.8046,138.9829
891.89886,130.81354
852.8126,121.52473
834.69995,113.76656
784.68994,111.01242
765.13745,107.65587
725.4847,103.27878
722.2784,100.929955
688.1666,98.8465
673.86975,95.33797
628.82306,93.66923
609.7364,90.99842
594.7687,88.323425
583.5863,84.37152
567.9645,81.32541
567.08215,79.749405
551.95013,78.83142
537.30035,78.29577
518.82056,74.9643
516.7832,73.23114
499.60812,72.93535
487.8249,71.499275
482.0412,70.59149
469.7993,68.972466
459.94205,68.58276
453.35913,66.213326
443.87512,65.42041
433.00604,64.4037
427.801,63.24509
423.4787,62.109394
414.165,61.070488
409.2219,60.720375
404.1209,60.098484
402.30978,59.503384
386.39438,58.70656
383.76083,58.029083
376.55518,57.04569
373.59543,56.12035
368.06567,55.774174
365.9181,55.180653
358.49573,54.876144
354.9847,54.03118
351.14117,53.403538
346.91745,52.963074
341.12338,52.140564
335.3366,50.835037
327.3647,49.93759
324.36005,49.69192
321.05728,49.511932
320.208,48.977753
315.5606,47.93778
311.5734,47.830612
308.38876,46.826267
305.57312,46.44193
300.8095,45.6621
298.02145,45.494747
296.5949,44.88099
294.19843,44.67457
290.9119,44.224133
286.9247,43.791855
281.4211,42.694347
279.09128,42.477654
275.65753,42.11703
274.6303,41.801983
271.82578,41.49825
270.55032,41.06632
265.4547,40.75762
263.3391,40.237144
259.1875,39.85916
258.53464,39.719852
254.51959,39.412834
250.48517,38.97681
248.395,38.68514
245.9731,38.004787
244.0316,37.908726
242.94098,37.781605
237.61717,37.321213
237.15631,36.69629
234.64676,36.464684
232.17374,36.04447
231.9372,35.82614
227.66956,35.6631
225.6278,35.42745
223.3854,34.64998
222.34439,34.596146
219.84021,34.451916
219.02428,34.269615
217.06198,33.904877
213.89542,33.20582
213.44972,33.06809
212.4706,32.87872
209.76031,32.591537
208.61913,32.237072
207.24529,31.986347
205.08485,31.779398
204.26454,31.222479
202.81502,30.976242
200.30202,30.755472
198.01483,30.571562
197.4605,30.224014
195.73785,30.00925
194.52596,29.780693
192.84883,29.565277
191.21014,29.181118
188.77168,28.949791
188.26985,28.676485
187.96161,28.556265
185.1635,28.266073
184.19716,28.192059
183.07803,27.930677
182.54805,27.831863
181.00272,27.629395
180.28105,27.443947
179.66524,27.230686
177.88107,27.120937
176.1899,26.716793
174.2948,26.498243
173.13234,26.21579
172.12396,26.028162
171.61972,25.873816
169.7577,25.76824
168.98177,25.319984
168.70584,25.243765
165.76813,25.097485
164.97379,24.940813
163.35825,24.737843
162.49739,24.653093
160.98761,24.402306
160.4386,24.295252
159.94589,24.236797
159.22874,23.949535
158.14728,23.659184
157.18149,23.50127
156.02676,23.394632
155.62894,23.14041
154.5387,23.103743
152.8048,22.7664
151.53925,22.690845
150.8747,22.511742
150.21677,22.478964
149.53966,22.263733
148.93906,22.150013
147.75354,22.020811
146.67293,21.863596
146.47487,21.59196
146.07104,21.449484
144.68312,21.331587
143.36499,21.227291
142.71336,21.128452
141.77881,21.05124
140.96837,20.865265
140.15201,20.662193
139.38979,20.637493
138.29634,20.391737
137.62383,20.336197
137.35869,20.151308
136.65741,19.96623
136.13374,19.91822
134.61658,19.76022
134.2937,19.638874
133.13239,19.497847
132.74965,19.444126
131.65742,19.316257
131.01483,19.264738
129.8022,19.003237
129.38828,18.9755
128.88759,18.76674
127.63181,18.625704
127.52204,18.515083
126.85447,18.446789
126.1585,18.297104
125.47715,18.186443
124.499275,18.057837
124.39617,17.906338
123.88499,17.855984
122.47174,17.719849
122.33533,17.62076
121.59215,17.608694
121.207756,17.391691
120.5058,17.3312
120.042625,17.203053
118.69181,17.175804
118.179504,17.098564
117.624,16.927368
116.79646,16.791912
116.01135,16.548166
115.72331,16.400902
115.33023,16.326796
114.99309,16.292828
114.191505,16.206688
113.418274,16.060646
112.86685,16.02853
112.14396,15.787351
111.37211,15.712487
111.11488,15.590758
110.17836,15.540941
109.70455,15.373475
109.46179,15.336138
108.95738,15.27586
108.47517,15.161619
107.94064,15.102947
107.13025,15.071974
106.80894,14.940934
105.99955,14.814131
105.55484,14.724929
105.21902,14.631731
104.43589,14.52079
103.80116,14.466886
103.60156,14.369334
103.542404,14.288221
103.10204,14.273165
102.69904,14.199315
102.105064,14.171107
101.407715,13.991211
100.6603,13.951631
100.227615,13.89846
99.99172,13.728631
99.62321,13.652377
98.730705,13.5634775
98.26647,13.54531
97.69612,13.309827
96.90642,13.272581
96.54584,13.185742
96.08039,13.089357
95.487366,13.0350065
95.29233,12.993132
94.97019,12.934027
94.54938,12.82763
94.155464,12.769345
93.53499,12.752324
92.85855,12.692206
92.49585,12.655051
92.076004,12.536448
91.524635,12.413097
90.93909,12.389452
90.56018,12.287551
90.510735,12.19918
90.1184,12.123993
89.58465,12.053721
89.042114,11.950629
89.01186,11.896773
88.809425,11.831618
88.089195,11.77151
87.56511,11.692794
87.05522,11.621416
86.50085,11.563757
86.12321,11.546548
85.91777,11.464134
85.8298,11.391596
85.49423,11.346578
85.27054,11.234387
84.153564,11.178018
83.79017,11.114931
83.57205,11.090013
83.34806,11.070062
83.09658,10.951404
82.65513,10.939819
81.91275,10.826018
81.802925,10.763446
81.48965,10.748398
81.08784,10.641336
80.69194,10.5520525
80.32728,10.4872265
80.18061,10.470639
79.76017,10.417446
79.42063,10.29806
78.65686,10.279022
78.41479,10.263167
78.27432,10.228982
77.922035,10.154148
77.61671,10.054506
77.03314,10.012709
76.36724,9.9839945
76.17951,9.914864
75.74199,9.858788
75.552536,9.785824
75.19462,9.75364
74.85683,9.725058
74.388176,9.713957
74.1176,9.641703
73.8223,9.5792675
73.64935,9.540168
73.159294,9.515085
72.942924,9.423239
72.54254,9.402538
72.396866,9.386143
72.36907,9.268641
71.83502,9.194437
71.43491,9.148597
71.05162,9.070994
70.905655,9.041033
70.65631,8.986164
70.37665,8.935262
70.15815,8.905034
69.5074,8.840426
69.33354,8.814827
69.09327,8.807057
68.8309,8.790649
68.6709,8.711607
68.32079,8.69086
67.921486,8.649877
67.63186,8.635957
67.21386,8.5736
67.12649,8.544413
66.7208,8.449905
66.345215,8.436076
66.25239,8.405479
65.6454,8.341013
65.466255,8.284497
65.206726,8.276905
65.03033,8.241432
64.76222,8.207236
64.641945,8.203294
63.916992,8.148148
63.73182,8.116271
63.537067,8.090526
62.839626,8.017175
62.82496,7.996744
62.525776,7.9431934
62.335773,7.8893847
62.070923,7.878325
61.715263,7.838067
61.468918,7.7582316
61.291004,7.73774
60.873768,7.73247
60.42538,7.665686
60.27612,7.6029105
60.079983,7.574582
59.863163,7.561901
59.6458,7.5272765
59.537304,7.494978
59.313587,7.4353824
59.03459,7.411767
58.650326,7.390994
58.490017,7.3769
58.313152,7.348684
57.93762,7.31447
57.532726,7.2769594
57.24734,7.2289457
57.033127,7.187078
56.872623,7.1629944
56.293755,7.119494
56.285667,7.063027
55.977005,7.021353
55.89745,6.9806814
55.545727,6.9608507
55.278778,6.949593
55.13503,6.8856487
54.649452,6.85967
54.415245,6.8226223
54.310432,6.799322
54.075733,6.781198
53.87052,6.7778835
53.799774,6.7431726
53.610092,6.7212853
53.44647,6.6620693
53.11495,6.652912
52.702347,6.626583
52.58112,6.5820208
52.434475,6.5489907
52.236145,6.522784
52.006344,6.491056
51.82627,6.4764457
51.546177,6.439684
51.256363,6.417801
50.943142,6.38495
50.871914,6.3401275
50.55634,6.3145037
50.31256,6.2858315
50.249058,6.2691355
49.977066,6.2422504
49.7308,6.217795
49.67569,6.163637
49.37544,6.1359787
49.162487,6.121828
48.87986,6.093062
48.617554,6.0451293
48.529,6.0269265
48.428886,6.024266
48.203896,6.002886
47.999866,5.9711256
47.667732,5.9507804
47.40136,5.9105043
47.274475,5.8703094
47.192455,5.8271832
47.002453,5.820417
46.821373,5.8171287
46.60091,5.7823033
46.427338,5.752895
46.376587,5.7074714
46.054504,5.6872396
45.966923,5.6802626
45.73179,5.657363
45.37924,5.634186
45.128605,5.6162114
44.960796,5.6028757
44.586185,5.5553493
44.53329,5.553187
44.481274,5.531936
44.355484,5.5081563
44.05711,5.4746804
43.707176,5.429589
43.67557,5.417516
43.478188,5.4000387
43.346577,5.3691287
43.11156,5.3503156
42.988106,5.3440013
42.890938,5.3125854
42.652203,5.2892656
42.4404,5.280838
42.252747,5.259248
41.956436,5.250565
41.8633,5.238291
41.725212,5.214867
41.48188,5.152435
41.43323,5.146701
41.122158,5.1202073
41.018597,5.098639
40.806213,5.077829
40.448143,5.05956
40.331333,5.02754
40.28441,5.00888
40.09853,4.9871325
40.050133,4.977421
39.85344,4.955729
39.70993,4.933355
39.459602,4.9255652
39.33098,4.9090185
39.145172,4.8928504
38.894142,4.8508525
38.76969,4.8440337
38.385437,4.8210454
38.19616,4.810357
38.124756,4.7709675
37.99699,4.744437
37.88518,4.7416244
37.731503,4.7336116
37.473495,4.7126527
37.307354,4.7030444
37.23634,4.665695
37.14265,4.6380386
36.999947,4.6320367
36.732735,4.6020913
36.498512,4.57285
36.452618,4.5680056
36.353695,4.534973
36.168922,4.5224442
36.047867,4.5043225
35.794884,4.474238
35.51025,4.4470534
35.402336,4.4370193
35.344986,4.3996725
35.1988,4.387918
35.049137,4.38123
34.751186,4.3645444
34.68895,4.339728
34.536312,4.31832
34.46209,4.29387
34.164158,4.278314
34.05563,4.2667317
33.96804,4.2403193
33.931374,4.2336245
33.7964,4.229192
33.478394,4.20506
33.304207,4.1888156
33.254128,4.170523
33.186962,4.1418943
33.049072,4.1317496
32.86704,4.1177616
32.708122,4.109366
32.62845,4.098311
32.515347,4.078502
32.28456,4.04115
32.192287,4.035685
32.065395,4.031047
31.83523,4.0104938
31.74173,3.9844232
31.596916,3.9733312
31.458847,3.955508
31.333952,3.9471827
31.12474,3.9278557
30.916744,3.9154875
30.833708,3.8986154
30.7995,3.8731012
30.717375,3.8501496
30.533049,3.8432217
30.407951,3.8110032
30.212906,3.806388
30.191854,3.7935078
29.986097,3.7883594
29.914124,3.7466533
29.77288,3.7440937
29.728046,3.7300608
29.588146,3.7165508
29.293726,3.6995778
29.204802,3.6958616
29.090168,3.6731305
29.039423,3.6499956
28.957743,3.626658
28.806986,3.621519
28.581173,3.6161659
28.408094,3.5983577
28.397959,3.573821
28.266418,3.5569627
28.176603,3.5459385
28.144924,3.5355392
27.980734,3.5164952
27.812687,3.4857247
27.695034,3.4765444
27.49545,3.4677386
27.206636,3.446651
27.18654,3.4275148
27.125748,3.4093506
26.998085,3.4082382
26.938728,3.3974683
26.660337,3.3856409
26.603493,3.3633268
26.554956,3.353529
26.318846,3.353128
26.167215,3.3466136
26.104208,3.320795
25.885267,3.3015153
25.84501,3.2932725
25.663956,3.2776399
25.544056,3.273431
25.352024,3.2545586
25.299183,3.231423
25.190197,3.2155037
25.050478,3.2060263
24.85847,3.200361
24.811241,3.1829076
24.73771,3.1651392
24.563593,3.1564705
24.417736,3.153383
24.264418,3.130761
24.214342,3.129589
24.073147,3.0939097
23.922865,3.0897915
23.903845,3.0708039
23.820192,3.0681813
23.730547,3.055008
23.638365,3.0416942
23.556862,3.024092
23.31454,3.0142248
23.24674,2.9994426
23.104883,2.980612
22.926006,2.975005
22.899586,2.9695697
22.720257,2.952769
22.608192,2.9420018
22.458204,2.9268398
22.403658,2.9209373
22.343119,2.9025114
22.22359,2.882925
22.163532,2.8739283
22.061552,2.868391
21.983269,2.8652458
21.775198,2.848965
21.726805,2.8404036
21.55111,2.8352609
21.515099,2.8217578
21.488804,2.8115978
21.216156,2.7729123
21.124945,2.7527533
21.087757,2.7473764
21.040344,2.7315102
20.882816,2.726535
20.796474,2.712302
20.767424,2.7092493
20.694744,2.6888065
20.57094,2.6787875
20.438293,2.673483
20.369617,2.67031
20.20779,2.6440709
20.145748,2.639517
20.096365,2.6194463
19.922802,2.6158786
19.844673,2.6001153
19.820494,2.5879524
19.55523,2.572979
19.508356,2.5696795
19.378332,2.5581214
19.308228,2.5382037
19.166548,2.5350518
19.098957,2.525295
19.067991,2.5121644
18.93719,2.4984295
18.895243,2.4914565
18.8466,2.482873
18.69544,2.4693217
18.555035,2.4620643
18.478228,2.4598618
18.369825,2.4424002
18.302622,2.4297938
18.20279,2.4204507
18.083282,2.4062386
18.043087,2.3924356
17.916132,2.3805993
17.872131,2.3601806
17.69408,2.3528204
17.625595,2.3423336
17.578474,2.3226087
17.457113,2.3162043
17.35907,2.3107402
17.294634,2.303154
17.198292,2.3016481
17.057764,2.2729282
17.009525,2.268618
16.90866,2.2593632
16.824018,2.2362454
16.681065,2.2309036
16.582556,2.219543
16.526539,2.2087197
16.476198,2.2005472
16.427755,2.1932945
16.2814,2.186166
16.148088,2.1696804
16.098894,2.1612694
16.017612,2.155578
15.820322,2.14048
15.712531,2.1294096
15.666169,2.1178513
15.628058,2.1075518
15.571615,2.099619
15.500898,2.0897071
15.440335,2.0819585
15.303439,2.07315
15.1868925,2.0607028
15.176692,2.0481112
14.999703,2.0377848
14.954309,2.0333495
14.942725,2.0214877
14.821376,2.0020924
14.803497,1.9939891
14.68366,1.9901407
14.668729,1.9714296
14.627804,1.9641259
14.3487,1.9574342
14.302939,1.9511749
14.222931,1.937258
14.127974,1.9277984
14.102731,1.9175023
14.014145,1.9085782
13.832153,1.8990152
13.747041,1.8891094
13.661182,1.8869898
13.576442,1.8688523
13.558445,1.8540062
13.480299,1.852226
13.306547,1.8435131
13.285793,1.8326774
13.23693,1.8205885
13.117452,1.8150715
13.099743,1.8063926
12.980195,1.7959794
12.840015,1.7871737
12.7542305,1.781438
12.725503,1.7668248
12.668827,1.7654533
12.4806795,1.7583905
12.4174595,1.7454541
12.392807,1.7382479
12.327971,1.732051
12.255718,1.7251501
12.168286,1.7103773
12.053062,1.7070524
11.931817,1.6940781
11.921428,1.6851335
11.838558,1.6765305
11.762823,1.6591382
11.666241,1.6437465
11.590835,1.6401596
11.5093155,1.6383303
11.473311,1.633566
11.454016,1.6185277
11.245865,1.6097869
11.204463,1.5932603
11.155571,1.5826724
11.124442,1.5769843
10.977278,1.5742811
10.937722,1.5654076
10.86106,1.5527809
10.8495865,1.5447313
10.756906,1.5327501
10.713384,1.5201627
10.573564,1.5147684
10.5457325,1.5018132
10.443995,1.4970168
10.356445,1.486561
10.298028,1.4716934
10.229903,1.4604964
10.163766,1.4546598
10.102206,1.4367343
10.025311,1.4280889
9.9636965,1.4232032
9.855937,1.4123273
9.743935,1.400204
9.654125,1.3956167
9.5791445,1.3874477
9.560124,1.3721488
9.531403,1.360313
9.414349,1.3511275
9.348745,1.3420134
9.219044,1.3367052
9.19411,1.3251066
9.1031065,1.3114415
8.976438,1.3049898
8.94937,1.2960534
8.920096,1.2924024
8.780576,1.2782586
8.758876,1.2743692
8.733174,1.2606777
8.591393,1.2576706
8.499474,1.2425934
8.462189,1.2324255
8.362945,1.224765
8.343625,1.2215787
8.2337475,1.2074845
8.204998,1.2010006
8.142855,1.1942848
8.027429,1.1857493
7.928487,1.1706138
7.86269,1.163479
7.8185725,1.1477338
7.7873907,1.1334898
7.702381,1.1282785
7.5998936,1.1206077
7.5514946,1.108369
7.362606,1.1001648
7.2290406,1.0936973
7.2084403,1.0736564
7.1305075,1.0650449
7.074345,1.060212
6.996369,1.0475068
6.9452753,1.0395513
6.8234377,1.0237825
6.7307434,1.0152733
6.653342,0.9974671
6.5900974,0.9861812
6.4617214,0.9796731
6.392916,0.958618
6.282328,0.9422961
6.2396283,0.91775066
6.184427,0.91077554
6.036956,0.90227735
5.8782406,0.8817242
5.8544054,0.8558363
5.807511,0.82765895
5.6022086,0.8150676
5.550535,0.7914687
5.424469,0.7461869
5.209302,0.7128813
5.0820694,0.7063435
4.8079157,0.6719625
4.6742663,0.6311745
4.456346,0.5998799
4.4037924,0.590017
3.8349743,0.550744
3.4488611,0.21896404
